{"Mods":[{"Author":"Goonsack and osirisofinternet","Name":"Grit and Glory - Injuries, Exhaustion and Madness","Folder":"Injuries","Version":"72479808650477568","Description":"The life of an adventurer is demanding and strife with dangers; be it exhaustion, a broken leg, or going mad... it's inevitable.","UUID":"5442c1bf-c118-48bc-87f1-c90bcc024b1c","Created":"2025-12-18T22:56:54.5920711+11:00","Dependencies":[],"Group":"5ee3edf5-de0e-4ae0-8840-7256a683b3a5"}],"MD5":"11859a8a7f8af68dd0850c987f7421c1"}