{"Mods":[{"Author":"Goonsack and osirisofinternet","Name":"Grit and Glory - Injuries, Exhaustion and Madness","Folder":"Injuries","Version":"72479808650477570","Description":"The life of an adventurer is demanding and strife with dangers; be it exhaustion, a broken leg, or going mad... it's inevitable.","UUID":"5442c1bf-c118-48bc-87f1-c90bcc024b1c","Created":"2026-01-12T18:22:33.071139+11:00","Dependencies":[],"Group":"dc4a9074-1e2f-4412-acd1-945f9ae9c0d1"}],"MD5":"455218c00621de3d18fb3bfc9bd97399"}