{"Mods":[{"Author":"Goonsack and osirisofinternet","Name":"Grit and Glory - Injuries, Exhaustion and Madness","Folder":"Injuries","Version":"72479808650477568","Description":"The life of an adventurer is demanding and strife with dangers; be it exhaustion, a broken leg, or going mad... it's inevitable.","UUID":"5442c1bf-c118-48bc-87f1-c90bcc024b1c","Created":"2025-12-18T23:39:54.6115795+11:00","Dependencies":[],"Group":"a2425406-e768-4ec8-bd89-13103ae01360"}],"MD5":"f10a95872110a720c4563e98763b44fe"}