{"Mods":[{"Author":"Goonsack and osirisofinternet","Name":"Grit and Glory - Injuries, Exhaustion and Madness","Folder":"Injuries","Version":"72479808650477569","Description":"The life of an adventurer is demanding and strife with dangers; be it exhaustion, a broken leg, or going mad... it's inevitable.","UUID":"5442c1bf-c118-48bc-87f1-c90bcc024b1c","Created":"2025-12-26T17:59:48.0442798+11:00","Dependencies":[],"Group":"428fdc36-5e5e-4360-807b-ee23c8302942"}],"MD5":"8f148c0862a795de4209e995eb685098"}