{"Mods":[{"Author":"Goonsack and osirisofinternet","Name":"Injuries Combat Sleep Patch","Folder":"Injuries Combat Sleep Patch","Version":"72479808650477570","Description":"The life of an adventurer is demanding and strife with dangers; be it exhaustion, a broken leg, or going mad... it's inevitable.","UUID":"15902445-1a61-40f1-a007-37f37ce8fe5a","Created":"2026-01-12T18:22:39.0710856+11:00","Dependencies":[],"Group":"9546b7b8-cdea-484c-8795-6d3e7c597373"}],"MD5":"672fa066478624a87ba2b723be3280b9"}