{"Mods":[{"Author":"Goonsack and osirisofinternet","Name":"Grit and Glory - JWL Discordant Instruments Patch","Folder":"Grit and Glory - JWL Discordant Instruments Patch","Version":"72479810797961216","Description":"The life of an adventurer is demanding and strife with dangers; be it exhaustion, a broken leg, or going mad... it's inevitable.","UUID":"f32b58b4-e101-4263-a82b-5f0fe1926064","Created":"2026-01-21T06:20:07.434945+11:00","Dependencies":[],"Group":"647af32d-d474-45e8-83c4-366306dc85fd"}],"MD5":"beb19451258ae71f401bfe17dd1da032"}