{"Mods":[{"Author":"Goonsack and osirisofinternet","Name":"Injuries JWL Discordant Instruments Patch","Folder":"Injuries JWL Discordant Instruments Patch","Version":"72479808650477570","Description":"The life of an adventurer is demanding and strife with dangers; be it exhaustion, a broken leg, or going mad... it's inevitable.","UUID":"f32b58b4-e101-4263-a82b-5f0fe1926064","Created":"2026-01-12T18:22:44.3081757+11:00","Dependencies":[],"Group":"c1c251a8-640d-4d49-9146-78434315b7dc"}],"MD5":"dd7fb7a5123d1977583247fc08ed5222"}