{"Mods":[{"Author":"Goonsack and osirisofinternet","Name":"Grit and Glory - Injuries, Exhaustion and Madness","Folder":"Grit and Glory - Injuries, Exhaustion and Madness","Version":"72479810797961216","Description":"The life of an adventurer is demanding and strife with dangers; be it exhaustion, a broken leg, or going mad... it's inevitable.","UUID":"5442c1bf-c118-48bc-87f1-c90bcc024b1c","Created":"2026-01-21T06:20:12.7573884+11:00","Dependencies":[],"Group":"9cdaef3e-c813-4f1a-85de-fa3e27d9a116"}],"MD5":"7f3a6e5905035561a06741f63af45dd9"}